366788,"{'date': u'2017-10-25T15:06:00-04:00', 'player': u'luke-kuechly', 'team': u'CAR', 'text': u'Luke Kuechly (concussion) practiced in full Wednesday.', 'title': u'Kuechly (head) practicing in full for Week 8 - Luke Kuechly | CAR'}"
366433,"{'date': u'2017-10-22T11:41:00-04:00', 'player': u'demarco-murray', 'team': u'TEN', 'text': u""Titans RB DeMarco Murray (hamstring) is officially active for Sunday's Week 7 game versus the Browns. WR Darius Jennings, DB Kalan Reed, S Johnathan Cyprien, OL Corey Levin, WR Corey Davis, OLB Kevin Dodd, and DL David King are inactive Sunday for the Titans."", 'title': u'DeMarco Murray officially active on Sunday - DeMarco Murray | TEN'}"
366621,"{'date': u'2017-10-22T21:18:00-04:00', 'player': u'russell-wilson', 'team': u'SEA', 'text': u'Russell Wilson completed 27-of-39 passes for 334 yards and three touchdowns while adding 10 yards on two carries Sunday in the Seahawks\u2019 Week 7 win over the Giants.', 'title': u'Russell Wilson shreds Giants for 3 TDs Sunday - Russell Wilson | SEA'}"
367227,"{'date': u'2017-10-30T16:35:00-04:00', 'player': u'andrew-luck', 'team': u'IND', 'text': u'Andrew Luck (shoulder) has been ruled out for Week 9.', 'title': u'Colts rule out Luck (shoulder) for Week 9 - Andrew Luck | IND'}"
366829,"{'date': u'2017-10-25T21:26:00-04:00', 'player': u'donta-hightower', 'team': u'NE', 'text': u""Patriots LB Dont'a Hightower is in danger of missing multiple weeks due to a shoulder injury."", 'title': u""Pats LB Hightower may miss multiple weeks - Dont'a Hightower | NE""}"
366437,"{'date': u'2017-10-22T11:46:00-04:00', 'player': u'jameis-winston', 'team': u'TB', 'text': u'Jameis Winston is active for Week 7 at Buffalo.', 'title': u'As expected, Jameis Winston starts at Buffalo - Jameis Winston | TB'}"
366434,"{'date': u'2017-10-22T11:41:00-04:00', 'player': u'jordan-matthews', 'team': u'BUF', 'text': u'Jordan Matthews is active for Week 7 against the Bucs.', 'title': u'Jordan Matthews returns to lineup against TB - Jordan Matthews | BUF'}"
366624,"{'date': u'2017-10-22T21:21:00-04:00', 'player': u'doug-baldwin', 'team': u'SEA', 'text': u'Doug Baldwin snared nine catches for 92 yards and a touchdown on 12 targets Sunday in the Seahawks\u2019 Week 7 win over the Giants.', 'title': u'Baldwin cruises to 9-92-1 in win over Giants - Doug Baldwin | SEA'}"
366533,"{'date': u'2017-10-22T17:15:00-04:00', 'player': u'jordy-nelson', 'team': u'GB', 'text': u""Jordy Nelson caught 1-of-4 targets for 13 yards in the Packers' Week 7 loss to the Saints."", 'title': u'Jordy Nelson held to 1 catch without Rodgers - Jordy Nelson | GB'}"
366781,"{'date': u'2017-10-25T14:05:00-04:00', 'player': u'tj-yeldon', 'team': u'JAC', 'text': u""Coach Doug Marrone said he's considering getting T.J. Yeldon active on game days after his big Week 7 performance against the Colts."", 'title': u'Jags considering making TJ Yeldon No. 2 back - T.J. Yeldon | JAC'}"
366438,"{'date': u'2017-10-22T11:49:00-04:00', 'player': u'mike-wallace', 'team': u'BAL', 'text': u'Mike Wallace (back) is active for Week 7 against the Vikings.', 'title': u'Mike Wallace active, but struggled in warmups - Mike Wallace | BAL'}"
366439,"{'date': u'2017-10-22T11:50:00-04:00', 'player': u'devante-parker', 'team': u'MIA', 'text': u'Dolphins declared WR DeVante Parker, LB Stephone Anthony, G Isaac Asiata, CB Byron Maxwell, S Maurice Smith, DT Vincent Taylor and OT Sam Young inactive for Week 7 against the Jets.', 'title': u'DeVante Parker (ankle) officially inactive - DeVante Parker | MIA'}"
366784,"{'date': u'2017-10-25T14:44:00-04:00', 'player': u'kenny-golladay', 'team': u'DET', 'text': u'Kenny Golladay (hamstring) is practicing Wednesday.', 'title': u'Kenny Golladay expected back versus Steelers - Kenny Golladay | DET'}"
366785,"{'date': u'2017-10-25T14:54:00-04:00', 'player': u'simeon-rice', 'team': u'FA', 'text': u'&quot;Free agent&quot; DE Simeon Rice is campaigning the Bucs to let him come back and play.', 'title': u'43-year-old Simeon Rice wants to play again - Simeon Rice | FA'}"
366822,"{'date': u'2017-10-25T19:09:00-04:00', 'player': u'melvin-gordon', 'team': u'LAC', 'text': u""Melvin Gordon (foot) was limited at Wednesday's practice."", 'title': u'Melv Gordon (foot) limited to start the week - Melvin Gordon | LAC'}"
366702,"{'date': u'2017-10-23T18:12:00-04:00', 'player': u'andrew-sendejo', 'team': u'MIN', 'text': u""NFL suspended Vikings FS Andrew Sendejo one game for violating the league's player safety rules."", 'title': u'Vikings FS Sendejo hit with 1-game suspension - Andrew Sendejo | MIN'}"
366703,"{'date': u'2017-10-23T19:06:00-04:00', 'player': u'rob-kelley', 'team': u'WAS', 'text': u'Rob Kelley (ankle) is active for Week 7 against the Eagles.', 'title': u'Kelley, LT Williams, CB Breeland all active - Rob Kelley | WAS'}"
366705,"{'date': u'2017-10-23T19:12:00-04:00', 'player': u'wendell-smallwood', 'team': u'PHI', 'text': u'Wendell Smallwood (knee) is active for Week 7 against the Redskins.', 'title': u'Wendell Smallwood active after 2-game absence - Wendell Smallwood | PHI'}"
366706,"{'date': u'2017-10-23T20:44:00-04:00', 'player': u'jordan-hicks', 'team': u'PHI', 'text': u'Eagles MLB Jordan Hicks was carted off Week 7 against the Redskins with an ankle injury.', 'title': u'Eagles MLB Hicks carted off with ankle injury - Jordan Hicks | PHI'}"
366707,"{'date': u'2017-10-23T21:16:00-04:00', 'player': u'dwight-freeney', 'team': u'FA', 'text': u'Free agent DE Dwight Freeney is visiting the Seahawks.', 'title': u'Free agent Dwight Freeney visiting Seahawks - Dwight Freeney | FA'}"
366708,"{'date': u'2017-10-23T22:23:00-04:00', 'player': u'jason-peters', 'team': u'PHI', 'text': u'Eagles LT Jason Peters was carted off Week 7 against the Redskins with a right knee injury.', 'title': u'Eagles LT Jason Peters carted off in air cast - Jason Peters | PHI'}"
366740,"{'date': u'2017-10-24T12:10:00-04:00', 'player': u'martavis-bryant', 'team': u'PIT', 'text': u'Steelers coach Mike Tomlin said Martavis Bryant is &quot;not available via a trade.&quot;', 'title': u""Tomlin: Bryant 'not available via a trade' - Martavis Bryant | PIT""}"
366596,"{'date': u'2017-10-22T19:57:00-04:00', 'player': u'leveon-bell', 'team': u'PIT', 'text': u""Le'Veon Bell rushed 35 times for 134 yards while catching three passes for 58 yards in the Steelers' Week 7 win over the Bengals."", 'title': u""Le'Veon Bell carves up Bengals for 189 yards - Le'Veon Bell | PIT""}"
367343,"{'date': u'2017-11-01T14:30:00-04:00', 'player': u'emmanuel-sanders', 'team': u'DEN', 'text': u'Emmanuel Sanders (ankle) is practicing Wednesday.', 'title': u'Emmanuel Sanders back practicing Wednesday - Emmanuel Sanders | DEN'}"
367184,"{'date': u'2017-10-29T23:59:00-04:00', 'player': u'juju-smith-schuster', 'team': u'PIT', 'text': u""JuJu Smith-Schuster caught 7-of-10 passes for 193 yards and a touchdown in the Steelers' Week 8 win over the Lions."", 'title': u'JuJu Smith-Schuster blows up for 7/193/1 line - JuJu Smith-Schuster | PIT'}"
366741,"{'date': u'2017-10-24T12:33:00-04:00', 'player': u'jarvis-landry', 'team': u'MIA', 'text': u""ESPN's Josina Anderson reports the NFL has closed the investigation into domestic violence allegations against Jarvis Landry."", 'title': u'NFL ends Landry investigation, no suspension - Jarvis Landry | MIA'}"
366338,"{'date': u'2017-10-20T14:06:00-04:00', 'player': u'sam-bradford', 'team': u'MIN', 'text': u""Vikings coach Mike Zimmer doesn't expect Sam Bradford (knee) to miss the rest of the season."", 'title': u'Bradford not expected to miss rest of season - Sam Bradford | MIN'}"
367274,"{'date': u'2017-10-31T11:10:00-04:00', 'player': u'jarvis-landry', 'team': u'MIA', 'text': u""ESPN's Josina Anderson reports the Dolphins have told Jarvis Landry he will not be traded."", 'title': u'Report: MIA told Landry he will not be traded - Jarvis Landry | MIA'}"
367222,"{'date': u'2017-10-30T16:09:00-04:00', 'player': u'joe-flacco', 'team': u'BAL', 'text': u'Coach John Harbaugh said Friday that Joe Flacco (concussion) has a &quot;good chance&quot; to play in Week 9.', 'title': u""Flacco has 'good chance' to return in Week 9 - Joe Flacco | BAL""}"
367325,"{'date': u'2017-11-01T11:03:00-04:00', 'player': u'brock-osweiler', 'team': u'DEN', 'text': u""Coach Vance Joseph announced Brock Osweiler will be the Broncos' starting quarterback Week 9 against the Eagles."", 'title': u'Broncos turning to Brock Osweiler vs. Eagles - Brock Osweiler | DEN'}"
366330,"{'date': u'2017-10-20T13:30:00-04:00', 'player': u'jordan-matthews', 'team': u'BUF', 'text': u'Jordan Matthews (thumb) is questionable for Week 7 against the Bucs.', 'title': u'Jordan Matthews on track to return vs Bucs - Jordan Matthews | BUF'}"
366710,"{'date': u'2017-10-23T23:41:00-04:00', 'player': u'carson-wentz', 'team': u'PHI', 'text': u""Carson Wentz completed 17-of-25 passes for 268 yards, four touchdowns, and one interception in the Eagles' 34-24, Week 7 win over the Redskins on Monday night."", 'title': u'MVP candidate Wentz throws 4 TDs in MNF win - Carson Wentz | PHI'}"
366332,"{'date': u'2017-10-20T13:45:00-04:00', 'player': u'cordy-glenn', 'team': u'BUF', 'text': u'Bills LT Cordy Glenn (ankle) has been removed from the injury report.', 'title': u'Bills LT Cordy Glenn taken off injury report - Cordy Glenn | BUF'}"
366335,"{'date': u'2017-10-20T13:55:00-04:00', 'player': u'ezekiel-elliott', 'team': u'DAL', 'text': u'The NFL insisted it is not trying to reach a settlement with Ezekiel Elliott regarding his delayed six-game suspension.', 'title': u'NFL: Not interested in settlement with Zeke - Ezekiel Elliott | DAL'}"
367164,"{'date': u'2017-10-29T19:55:00-04:00', 'player': u'jamison-crowder', 'team': u'WAS', 'text': u""Jamison Crowder caught 9-of-13 targets for 123 yards in the Redskins' Week 8 loss to the Cowboys."", 'title': u'Crowder revives for 135 yards vs. Cowboys - Jamison Crowder | WAS'}"
366336,"{'date': u'2017-10-20T14:00:00-04:00', 'player': u'amari-cooper', 'team': u'OAK', 'text': u""Amari Cooper's slot-route percentage was a season-high 35% in Thursday night's breakout game against the Chiefs."", 'title': u'Amari Cooper played more slot WR in breakout - Amari Cooper | OAK'}"
367267,"{'date': u'2017-10-31T10:09:00-04:00', 'player': u'jarvis-landry', 'team': u'MIA', 'text': u""The Miami Herald's Armando Salguero reports the Dolphins are shopping Jarvis Landry ahead of the trade deadline."", 'title': u'Not finished: Dolphins shopping Jarvis Landry - Jarvis Landry | MIA'}"
366780,"{'date': u'2017-10-25T14:00:00-04:00', 'player': u'paxton-lynch', 'team': u'DEN', 'text': u'Paxton Lynch (shoulder) returned to Broncos practice Wednesday.', 'title': u'Paxton Lynch (shoulder) practices Wednesday - Paxton Lynch | DEN'}"
367236,"{'date': u'2017-10-30T18:53:00-04:00', 'player': u'denzel-perryman', 'team': u'LAC', 'text': u'Coach Anthony Lynn said the team expects MLB Denzel Perryman (ankle) to return from injured reserve Week 10 against the Jaguars.', 'title': u'Chargers MLB Perryman (IR) to return Week 10 - Denzel Perryman | LAC'}"
366691,"{'date': u'2017-10-23T16:04:00-04:00', 'player': u'emmanuel-sanders', 'team': u'DEN', 'text': u'Broncos coach Vance Joseph said Monday that Emmanuel Sanders (ankle) has a chance to return in Week 8 against the Chiefs.', 'title': u'Emmanuel Sanders has chance to play Week 8 - Emmanuel Sanders | DEN'}"
367295,"{'date': u'2017-10-31T14:38:00-04:00', 'player': u'marshawn-lynch', 'team': u'OAK', 'text': u""Marshawn Lynch was absent from Raiders' practice on Tuesday."", 'title': u'Marshawn Lynch absent from practice Tuesday - Marshawn Lynch | OAK'}"
366711,"{'date': u'2017-10-23T23:48:00-04:00', 'player': u'jordan-reed', 'team': u'WAS', 'text': u""Jordan Reed caught 8-of-10 targets for 64 yards and two touchdowns in the Redskins' 34-24, Week 7 loss to the Eagles on Monday night."", 'title': u'Jordan Reed breaks out for 8-64-2 in defeat - Jordan Reed | WAS'}"
367297,"{'date': u'2017-10-31T15:08:00-04:00', 'player': u'paxton-lynch', 'team': u'DEN', 'text': u'Paxton Lynch (shoulder) is not a candidate to start Week 9.', 'title': u'Paxton Lynch not a candidate to start Week 9 - Paxton Lynch | DEN'}"
366824,"{'date': u'2017-10-25T19:11:00-04:00', 'player': u'danny-amendola', 'team': u'NE', 'text': u""Danny Amendola (knee) didn't practice on Wednesday."", 'title': u'Danny Amendola (knee) absent on Wednesday - Danny Amendola | NE'}"
367299,"{'date': u'2017-10-31T15:49:00-04:00', 'player': u'janoris-jenkins', 'team': u'NYG', 'text': u'Giants suspended CB Janoris Jenkins one game for a violation of team rules.', 'title': u'Giants suspend Janoris Jenkins for Week 9 - Janoris Jenkins | NYG'}"
367298,"{'date': u'2017-10-31T15:47:00-04:00', 'player': u'david-johnson', 'team': u'ARZ', 'text': u'Cardinals coach Bruce Arians expects David Johnson (wrist surgery) to miss the remainder of 2017.', 'title': u'Arians expects Johnson to miss rest of 2017 - David Johnson | ARZ'}"
367246,"{'date': u'2017-10-30T20:50:00-04:00', 'player': u'brian-hoyer', 'team': u'FA', 'text': u'49ers released QB Brian Hoyer.', 'title': u'49ers cut Brian Hoyer after getting Garoppolo - Brian Hoyer | FA'}"
366659,"{'date': u'2017-10-23T10:14:00-04:00', 'player': u'duane-brown', 'team': u'HOU', 'text': u""NFL Network's Ian Rapoport reports Texans LT Duane Brown will not be traded."", 'title': u'Report: Duane Brown will not be traded - Duane Brown | HOU'}"
366782,"{'date': u'2017-10-25T14:09:00-04:00', 'player': u'dontrelle-inman', 'team': u'CHI', 'text': u'Bears acquired WR Dontrelle Inman from the Chargers in exchange for a seventh-round pick.', 'title': u'Bears acquire WR Dontrelle Inman from Bolts - Dontrelle Inman | CHI'}"
367220,"{'date': u'2017-10-30T15:42:00-04:00', 'player': u'delanie-walker', 'team': u'TEN', 'text': u'Delanie Walker (ankle) was held out of practice on Monday.', 'title': u'Delanie Walker (ankle) misses practice Monday - Delanie Walker | TEN'}"
366421,"{'date': u'2017-10-22T11:09:00-04:00', 'player': u'duane-brown', 'team': u'HOU', 'text': u'ProFootballTalk reports the Texans are open to trading holdout LT Duane Brown.', 'title': u'Report: Texans open to trading LT Duane Brown - Duane Brown | HOU'}"
366420,"{'date': u'2017-10-22T11:01:00-04:00', 'player': u'jeremy-maclin', 'team': u'BAL', 'text': u'Updating an earlier report, Jeremy Maclin (shoulder) is out for Week 7 against the Vikings.', 'title': u'Update: Jeremy Maclin out versus Vikings - Jeremy Maclin | BAL'}"
366423,"{'date': u'2017-10-22T11:19:00-04:00', 'player': u'leonard-fournette', 'team': u'JAC', 'text': u'Leonard Fournette (ankle) is inactive for Week 7 against the Colts.', 'title': u'Fournette officially inactive for Week 7 - Leonard Fournette | JAC'}"
366422,"{'date': u'2017-10-22T11:09:00-04:00', 'player': u'jason-mccourty', 'team': u'CLE', 'text': u'Mary Kay Cabot of the Cleveland Plain Dealer expects Browns CB Jason McCourty (questionable, ankle) to be inactive for Week 7 against the Titans.', 'title': u'Browns expected to be without McCourty - Jason McCourty | CLE'}"
367205,"{'date': u'2017-10-30T13:10:00-04:00', 'player': u'earl-thomas', 'team': u'SEA', 'text': u'Seahawks coach Pete Carroll said Earl Thomas has a &quot;slight&quot; hamstring pull.', 'title': u""Earl Thomas has a 'slight' hamstring pull - Earl Thomas | SEA""}"
366424,"{'date': u'2017-10-22T11:31:00-04:00', 'player': u'kelvin-benjamin', 'team': u'CAR', 'text': u'Kelvin Benjamin (ankle) is active for Week 7 against the Bears.', 'title': u'Kelvin Benjamin (knee) officially active - Kelvin Benjamin | CAR'}"
367235,"{'date': u'2017-10-30T18:01:00-04:00', 'player': u'emmanuel-sanders', 'team': u'DEN', 'text': u'Emmanuel Sanders (ankle) said he will not play Monday night in Kansas City.', 'title': u""Emmanuel Sanders won't play MNF vs. Chiefs - Emmanuel Sanders | DEN""}"
366426,"{'date': u'2017-10-22T11:33:00-04:00', 'player': u'jason-mccourty', 'team': u'CLE', 'text': u'Browns CB Jason McCourty (ankle) is inactive for Sunday\u2019s Week 7 games versus the Titans. QB Kevin Hogan, S Jabrill Peppers, LB James Burgess, OL Marcus Martin, OL Zach Banner and DL T.Y. McGill are also inactive for the Browns Sunday.', 'title': u'Jason McCourty officially inactive for Sunday - Jason McCourty | CLE'}"
366429,"{'date': u'2017-10-22T11:35:00-04:00', 'player': u'andre-ellington', 'team': u'ARZ', 'text': u'Cardinals declared RB Andre Ellington, QB Blaine Gabbert, WR Chad Williams, RB D.J. Foster, OL Daniel Munyer, DL Olsen Pierre, and TE Ricky Seals-Jones inactive for Week 7 against the Rams.', 'title': u'Andre Ellington officially inactive in London - Andre Ellington | ARZ'}"
366428,"{'date': u'2017-10-22T11:34:00-04:00', 'player': u'willie-snead', 'team': u'NO', 'text': u'Saints declared WR Willie Snead (hamstring) inactive for Week 7 against the Packers.', 'title': u'Willie Snead officially inactive vs. Packers - Willie Snead | NO'}"
366386,"{'date': u'2017-10-21T13:40:00-04:00', 'player': u'josh-norman', 'team': u'WAS', 'text': u'Redskins CB Josh Norman (ribs) has been ruled out for Week 7 against the Eagles.', 'title': u'Josh Norman (ribs) ruled out for Week 7 - Josh Norman | WAS'}"
367238,"{'date': u'2017-10-30T19:07:00-04:00', 'player': u'duane-brown', 'team': u'SEA', 'text': u'Seahawks acquired LT Duane Brown from the Texans.', 'title': u'Seahawks get disgruntled LT Brown from Texans - Duane Brown | SEA'}"
366814,"{'date': u'2017-10-25T17:28:00-04:00', 'player': u'juju-smith-schuster', 'team': u'PIT', 'text': u""JuJu Smith-Schuster (concussion) was a full participant at Wednesday's practice."", 'title': u'Smith-Schuster (concussion) practicing fully - JuJu Smith-Schuster | PIT'}"
366381,"{'date': u'2017-10-20T19:25:00-04:00', 'player': u'marshawn-lynch', 'team': u'OAK', 'text': u'NFL suspended RB Marshawn Lynch one-game for unsportsmanlike conduct.', 'title': u'Marshawn Lynch hit with one-game suspension - Marshawn Lynch | OAK'}"
366816,"{'date': u'2017-10-25T17:54:00-04:00', 'player': u'duane-brown', 'team': u'HOU', 'text': u'Texans LT Duane Brown has a &quot;good chance&quot; to play this week.', 'title': u'Texans LT Duane Brown expected to play Sunday - Duane Brown | HOU'}"
366656,"{'date': u'2017-10-23T09:50:00-04:00', 'player': u'drew-stanton', 'team': u'ARZ', 'text': u'Cardinals coach Bruce Arians said the team will &quot;stick with&quot; Drew Stanton as their starting quarterback.', 'title': u""Cardinals will 'stick with' Drew Stanton - Drew Stanton | ARZ""}"
366654,"{'date': u'2017-10-23T09:35:00-04:00', 'player': u'duane-brown', 'team': u'HOU', 'text': u'Texans LT Duane Brown ended his holdout and has rejoined the team.', 'title': u'Texans LT Duane Brown ends holdout - Duane Brown | HOU'}"
366589,"{'date': u'2017-10-22T19:35:00-04:00', 'player': u'andy-dalton', 'team': u'CIN', 'text': u""Andy Dalton completed 17-of-30 passes for 140 yards, two touchdowns, and two interceptions in the Bengals' Week 7 loss to the Steelers."", 'title': u'Andy Dalton inconsistent in loss to Steelers - Andy Dalton | CIN'}"
366652,"{'date': u'2017-10-23T08:57:00-04:00', 'player': u'martavis-bryant', 'team': u'PIT', 'text': u'Martavis Bryant expressed frustration about his role and seemed to confirm reports of a trade request on Instagram.', 'title': u'Martavis expresses frustration about role - Martavis Bryant | PIT'}"
366653,"{'date': u'2017-10-23T09:00:00-04:00', 'player': u'joe-mixon', 'team': u'CIN', 'text': u'Joe Mixon believes the Bengals need to run the football more.', 'title': u'Joe Mixon thinks Bengals should run more - Joe Mixon | CIN'}"
367266,"{'date': u'2017-10-31T10:00:00-04:00', 'player': u'alfred-morris', 'team': u'DAL', 'text': u'Cowboys owner Jerry Jones said Alfred Morris will be the No. 1 running back while Ezekiel Elliott is suspended.', 'title': u'Jerry Jones: Alfred Morris will be No. 1 back - Alfred Morris | DAL'}"
366651,"{'date': u'2017-10-23T08:31:00-04:00', 'player': u'ezekiel-elliott', 'team': u'DAL', 'text': u""Judge Katherine Polk Failla denied the NFL's request to expedite Ezekiel Elliott's injunction hearing."", 'title': u'Request to expedite denied, Zeke playing Wk 8 - Ezekiel Elliott | DAL'}"
367273,"{'date': u'2017-10-31T10:52:00-04:00', 'player': u'charles-clay', 'team': u'BUF', 'text': u""Bills coach Sean McDermott said Charles Clay (knee) will &quot;have a hard time making it&quot; back for Thursday night's game against the Jets."", 'title': u'Charles Clay not expected to play Thursday - Charles Clay | BUF'}"
366547,"{'date': u'2017-10-22T17:35:00-04:00', 'player': u'delanie-walker', 'team': u'TEN', 'text': u""Delanie Walker reeled in 7-of-10 targets for 63 yards in Sunday's Week 7 win over the Browns."", 'title': u'Delanie Walker has 7 catches, injures ankle - Delanie Walker | TEN'}"
366714,"{'date': u'2017-10-24T00:06:00-04:00', 'player': u'josh-doctson', 'team': u'WAS', 'text': u""Josh Doctson caught 3-of-5 targets for 39 yards in the Redskins' Week 7 loss to the Eagles."", 'title': u'Doctson plays career-high 54 snaps in defeat - Josh Doctson | WAS'}"
366713,"{'date': u'2017-10-23T23:59:00-04:00', 'player': u'terrelle-pryor', 'team': u'WAS', 'text': u""Terrelle Pryor caught 2-of-4 targets for 14 yards in the Redskins' Week 7 loss to the Eagles."", 'title': u'Terrelle Pryor benched for Doctson in Week 7 - Terrelle Pryor | WAS'}"
366712,"{'date': u'2017-10-23T23:55:00-04:00', 'player': u'zach-ertz', 'team': u'PHI', 'text': u""Zach Ertz caught all five of his targets for 89 yards and one touchdown in the Eagles' Week 7 win over the Redskins."", 'title': u'Ertz matches career-high with fifth TD in win - Zach Ertz | PHI'}"
366658,"{'date': u'2017-10-23T10:06:00-04:00', 'player': u'orleans-darkwa', 'team': u'NYG', 'text': u'Orleans Darkwa played 21-of-59 snaps (36%) Week 7 against the Seahawks.', 'title': u'Darkwa plays one fewer snap than Gallman - Orleans Darkwa | NYG'}"
366541,"{'date': u'2017-10-22T17:27:00-04:00', 'player': u'marcus-mariota', 'team': u'TEN', 'text': u""Marcus Mariota completed 21-of-34 passes for 203 yards with no touchdowns or interceptions in Sunday's Week 7 win over the Browns."", 'title': u'Marcus Mariota a letdown Sunday versus Browns - Marcus Mariota | TEN'}"
367198,"{'date': u'2017-10-30T11:43:00-04:00', 'player': u'leonard-fournette', 'team': u'JAC', 'text': u""Leonard Fournette (ankle) participated in Monday's practice."", 'title': u'Leonard Fournette practicing on Monday - Leonard Fournette | JAC'}"
367250,"{'date': u'2017-10-30T23:42:00-04:00', 'player': u'trevor-siemian', 'team': u'DEN', 'text': u""Trevor Siemian completed just 19-of-36 passes for 198 yards, one touchdown, and three interceptions in the Broncos' 29-19, Week 8 loss to the Chiefs on Monday night."", 'title': u'Siemian puts name in for worst QB performance - Trevor Siemian | DEN'}"
367338,"{'date': u'2017-11-01T13:25:00-04:00', 'player': u'jamison-crowder', 'team': u'WAS', 'text': u'Jamison Crowder (hamstring) is not practicing Wednesday.', 'title': u'Jamison Crowder (hammy) DNP on Wednesday - Jamison Crowder | WAS'}"
367283,"{'date': u'2017-10-31T12:33:00-04:00', 'player': u'martavis-bryant', 'team': u'PIT', 'text': u""ESPN's Jeremy Fowler reports Martavis Bryant has been told he is part of the Steelers' Week 10 game plan."", 'title': u'Report: Martavis told he is part of game plan - Martavis Bryant | PIT'}"
366634,"{'date': u'2017-10-22T23:34:00-04:00', 'player': u'tom-brady', 'team': u'NE', 'text': u""Tom Brady completed 21-of-29 passes for 249 yards with two touchdowns in New England's Week 7 win over Atlanta."", 'title': u'Brady throws two TDs in Super Bowl rematch - Tom Brady | NE'}"
366399,"{'date': u'2017-10-22T07:58:00-04:00', 'player': u'keenan-allen', 'team': u'LAC', 'text': u""ESPN's Adam Schefter reports Keenan Allen (questionable, shoulder) will play Week 7 against the Broncos."", 'title': u'Keenan Allen gets the green light for Week 7 - Keenan Allen | LAC'}"
366398,"{'date': u'2017-10-22T07:56:00-04:00', 'player': u'kelvin-benjamin', 'team': u'CAR', 'text': u""ESPN's Adam Schefter reports Kelvin Benjamin (questionable, knee) will play Week 7 against the Bears."", 'title': u'Report: Kelvin Benjamin (knee) to play Sunday - Kelvin Benjamin | CAR'}"
366418,"{'date': u'2017-10-22T10:51:00-04:00', 'player': u'willie-snead', 'team': u'NO', 'text': u""ESPN's Dianna Russini reports Willie Snead (hamstring) will be inactive for Week 7 against the Packers."", 'title': u""Willie Snead (hamstring) won't play Sunday - Willie Snead | NO""}"
366419,"{'date': u'2017-10-22T10:58:00-04:00', 'player': u'adrian-peterson', 'team': u'ARZ', 'text': u'Cardinals coach Bruce Arians said he &quot;would love&quot; if Adrian Peterson saw 25 carries per game.', 'title': u'Arians wants Peterson getting 25 carries/g - Adrian Peterson | ARZ'}"
367151,"{'date': u'2017-10-29T19:27:00-04:00', 'player': u'russell-wilson', 'team': u'SEA', 'text': u""Russell Wilson completed 26-of-41 passes for 452 yards, four touchdowns, and one interception in the Seahawks' Week 8 win over the Texans."", 'title': u'Wilson creates late magic in GOTY candidate - Russell Wilson | SEA'}"
366414,"{'date': u'2017-10-22T09:35:00-04:00', 'player': u'ezekiel-elliott', 'team': u'DAL', 'text': u'Ezekiel Elliott is scheduled for a hearing in front of a New York judge on October 30.', 'title': u""Zeke Elliott's hearing scheduled for Oct. 30 - Ezekiel Elliott | DAL""}"
366416,"{'date': u'2017-10-22T09:49:00-04:00', 'player': u'cj-prosise', 'team': u'SEA', 'text': u""NFL Network's Ian Rapoport reports C.J. Prosise (ankle) will either be inactive or play &quot;minimal snaps&quot; Week 7 against the Giants."", 'title': u'Report: Prosise will be inactive or limited - C.J. Prosise | SEA'}"
366390,"{'date': u'2017-10-21T15:06:00-04:00', 'player': u'rob-kelley', 'team': u'WAS', 'text': u""Rob Kelley (ankle) is listed as questionable for Monday night's game with the Eagles."", 'title': u'Redskins list Rob Kelley questionable for MNF - Rob Kelley | WAS'}"
366397,"{'date': u'2017-10-21T23:36:00-04:00', 'player': u'leonard-fournette', 'team': u'JAC', 'text': u""NFL Network's Ian Rapoport reports the Jaguars do not expect Leonard Fournette (ankle) to play in Week 7 against the Colts."", 'title': u'Fournette not expected to play against Colts - Leonard Fournette | JAC'}"
366412,"{'date': u'2017-10-22T09:03:00-04:00', 'player': u'sterling-shepard', 'team': u'NYG', 'text': u""NFL Network's Ian Rapoport reports Sterling Shepard (questionable, ankle) will play Week 7 against the Seahawks."", 'title': u'Sterling Shepard to return versus Seahawks - Sterling Shepard | NYG'}"
366494,"{'date': u'2017-10-22T16:26:00-04:00', 'player': u'todd-gurley', 'team': u'LAR', 'text': u""Todd Gurley rushed 22 times for 106 yards and one touchdown in the Rams' 33-0, Week 7 win over the Cardinals."", 'title': u'Gurley piles up 154 yards, TD vs. Cardinals - Todd Gurley | LAR'}"
366495,"{'date': u'2017-10-22T16:27:00-04:00', 'player': u'oj-howard', 'team': u'TB', 'text': u""O.J. Howard caught 6-of-6 targets for 98 yards and two touchdowns in the Bucs' Week 7 loss to the Bills."", 'title': u'O.J. Howard erupts for 6/98/2 breakout game - O.J. Howard | TB'}"
367244,"{'date': u'2017-10-30T20:28:00-04:00', 'player': u'jimmy-garoppolo', 'team': u'SF', 'text': u'49ers acquired QB Jimmy Garoppolo from the Patriots in exchange for a 2018 second-round pick.', 'title': u'49ers trade 2nd-rounder for Jimmy Garoppolo - Jimmy Garoppolo | SF'}"
367245,"{'date': u'2017-10-30T20:41:00-04:00', 'player': u'ty-hilton', 'team': u'IND', 'text': u""ESPN's Chris Mortensen reports the Colts are getting &quot;several calls&quot; from teams interested in trading for T.Y. Hilton."", 'title': u""Report: IND getting 'several calls' on Hilton - T.Y. Hilton | IND""}"
366490,"{'date': u'2017-10-22T16:22:00-04:00', 'player': u'mike-evans', 'team': u'TB', 'text': u""Mike Evans caught 7-of-10 targets for 91 yards and a touchdown in the Bucs' Week 7 loss to the Bills."", 'title': u'Mike Evans drops 7/91/1 receiving line on BUF - Mike Evans | TB'}"
366558,"{'date': u'2017-10-22T18:04:00-04:00', 'player': u'kenny-stills', 'team': u'MIA', 'text': u'Kenny Stills corralled six-of-nine targets for 85 yards and two touchdowns Sunday in the Dolphins\u2019 Week 7 win over the Jets.', 'title': u'Stills (6-85-2) goes bonkers in comeback win - Kenny Stills | MIA'}"
366492,"{'date': u'2017-10-22T16:24:00-04:00', 'player': u'jameis-winston', 'team': u'TB', 'text': u""Jameis Winston completed 32-of-44 passes for 382 yards, three touchdowns, and one interception in the Bucs' Week 7 loss to Buffalo."", 'title': u'Winston throws for 382 yards & 3 TDs in loss - Jameis Winston | TB'}"
367241,"{'date': u'2017-10-30T19:25:00-04:00', 'player': u'jeremy-lane', 'team': u'HOU', 'text': u'Texans acquired CB Jeremy Lane, a 2018 fifth-round pick, and a 2019 second-round pick from the Seahawks in exchange for LT Duane Brown.', 'title': u'Texans get CB Lane in LT Duane Brown trade - Jeremy Lane | HOU'}"
366555,"{'date': u'2017-10-22T17:56:00-04:00', 'player': u'demarco-murray', 'team': u'TEN', 'text': u""DeMarco Murray rushed 18 times for 59 yards while catching three passes for 17 yards in Sunday's Week 7 win over the Browns."", 'title': u'DeMarco Murray leads backfield on Sunday - DeMarco Murray | TEN'}"
366528,"{'date': u'2017-10-22T17:08:00-04:00', 'player': u'dan-bailey', 'team': u'DAL', 'text': u""Cowboys K Dan Bailey was forced from Sunday's game against the 49ers with a groin injury, and will not return."", 'title': u'Dan Bailey done for the day with groin issue - Dan Bailey | DAL'}"
366760,"{'date': u'2017-10-24T22:37:00-04:00', 'player': u'dwight-freeney', 'team': u'MIA', 'text': u'Seahawks signed DE Dwight Freeney, formerly of the Falcons.', 'title': u'Seahawks sign 37-year-old DE Dwight Freeney - Dwight Freeney | MIA'}"
366761,"{'date': u'2017-10-25T09:15:00-04:00', 'player': u'matt-prater', 'team': u'DET', 'text': u'Lions signed K Matt Prater to a three-year, $11.4 million extension through 2020.', 'title': u'Lions hand K Prater 3-year, $11.4M extension - Matt Prater | DET'}"
366766,"{'date': u'2017-10-25T10:51:00-04:00', 'player': u'roberto-aguayo', 'team': u'CAR', 'text': u'Panthers signed K Roberto Aguayo to their practice squad.', 'title': u'Panthers bring on K Aguayo to practice squad - Roberto Aguayo | CAR'}"
366550,"{'date': u'2017-10-22T17:41:00-04:00', 'player': u'ted-ginn', 'team': u'NO', 'text': u""Ted Ginn caught 7-of-7 targets for 141 yards in the Saints' Week 7 win over the Packers."", 'title': u'Ginn posts second most yards of his career - Ted Ginn | NO'}"
367166,"{'date': u'2017-10-29T20:03:00-04:00', 'player': u'josh-doctson', 'team': u'WAS', 'text': u""Josh Doctson caught 1-of-3 targets for one yard and a touchdown in Washington's Week 8 loss to the Cowboys."", 'title': u'Josh Doctson goes 1/1/1 in loss to Cowboys - Josh Doctson | WAS'}"
366552,"{'date': u'2017-10-22T17:46:00-04:00', 'player': u'eric-decker', 'team': u'TEN', 'text': u""Eric Decker failed to catch a pass on two targets in Sunday's Week 7 win over the Browns."", 'title': u'Eric Decker held without a catch vs Browns - Eric Decker | TEN'}"
367344,"{'date': u'2017-11-01T14:56:00-04:00', 'player': u'joe-flacco', 'team': u'BAL', 'text': u'Joe Flacco (concussion) is practicing Wednesday.', 'title': u'Joe Flacco (concussion) at practice Wednesday - Joe Flacco | BAL'}"
367155,"{'date': u'2017-10-29T19:42:00-04:00', 'player': u'ezekiel-elliott', 'team': u'DAL', 'text': u""Ezekiel Elliott rushed 33 times for 150 yards and two touchdowns in the Cowboys' Week 8 win over the Redskins."", 'title': u'Elliott drops 154 yards, two TDs on Redskins - Ezekiel Elliott | DAL'}"
367223,"{'date': u'2017-10-30T16:12:00-04:00', 'player': u'alex-collins', 'team': u'BAL', 'text': u'Coach John Harbaugh said Alex Collins has earned more playing time.', 'title': u'Harbaugh: Alex Collins has earned more run - Alex Collins | BAL'}"
366663,"{'date': u'2017-10-23T11:35:00-04:00', 'player': u'marlon-mack', 'team': u'IND', 'text': u'Marlon Mack played 32-of-67 snaps (48%) Week 7 against the Jaguars.', 'title': u'Marlon Mack plays 32 snaps Week 7 - Marlon Mack | IND'}"
367313,"{'date': u'2017-10-31T18:57:00-04:00', 'player': u'aj-mccarron', 'team': u'CIN', 'text': u""The Cincinnati Enquirer reports there was a &quot;disconnect&quot; between the Browns' front office and coaching staff regarding Bengals QB A.J. McCarron."", 'title': u""Browns had 'disconnect' on A.J. McCarron - A.J. McCarron | CIN""}"
367302,"{'date': u'2017-10-31T16:06:00-04:00', 'player': u'nate-allen', 'team': u'MIA', 'text': u'Dolphins placed FS Nate Allen on injured reserve with a calf injury.', 'title': u'Dolphins send Nate Allen, LG Steen to IR - Nate Allen | MIA'}"
367339,"{'date': u'2017-11-01T13:48:00-04:00', 'player': u'jameis-winston', 'team': u'TB', 'text': u""Jameis Winston (shoulder) is throwing at Wednesday's practice."", 'title': u'Jameis Winston (shoulder) throws on Wednesday - Jameis Winston | TB'}"
366662,"{'date': u'2017-10-23T11:08:00-04:00', 'player': u'teddy-bridgewater', 'team': u'MIN', 'text': u""Pro Football Talk's Mike Florio reports Teddy Bridgewater (knee, PUP) will not play Week 8 against the Browns."", 'title': u'PFT: Teddy Bridgewater will not play Week 8 - Teddy Bridgewater | MIN'}"
367286,"{'date': u'2017-10-31T13:39:00-04:00', 'player': u'jay-ajayi', 'team': u'PHI', 'text': u""Eagles VP of Football Operations Howie Roseman said LeGarrette Blount remains the team's starting running back, even after acquiring Jay Ajayi from the Dolphins on Tuesday."", 'title': u'Roseman still considers Blount the starter - Jay Ajayi | PHI'}"
366796,"{'date': u'2017-10-25T16:01:00-04:00', 'player': u'jeremy-maclin', 'team': u'BAL', 'text': u'Jeremy Maclin (shoulder) is questionable for Week 8 against the Dolphins.', 'title': u'Maclin, Wallace, Watson questionable for TNF - Jeremy Maclin | BAL'}"
367242,"{'date': u'2017-10-30T19:38:00-04:00', 'player': u'jimmie-ward', 'team': u'SF', 'text': u'49ers placed FS Jimmie Ward on injured reserve with a broken forearm, ending his season.', 'title': u'49ers send FS Jimmie Ward (broken arm) to IR - Jimmie Ward | SF'}"
366794,"{'date': u'2017-10-25T15:52:00-04:00', 'player': u'stefon-diggs', 'team': u'MIN', 'text': u""Stefon Diggs (groin) was limited in Wednesday's practice."", 'title': u'Stefon Diggs officially limited on Wednesday - Stefon Diggs | MIN'}"
366792,"{'date': u'2017-10-25T15:36:00-04:00', 'player': u'martavis-bryant', 'team': u'PIT', 'text': u""Martavis Bryant said coach Mike Tomlin told him he'll be inactive for Sunday night's Week 8 game against the Lions."", 'title': u""Steelers tell Bryant he'll be inactive Week 8 - Martavis Bryant | PIT""}"
366791,"{'date': u'2017-10-25T15:32:00-04:00', 'player': u'shane-ray', 'team': u'DEN', 'text': u'Coach Vance Joseph said OLB Shane Ray (wrist, I.R.) will return and start Week 8 against the Chiefs.', 'title': u'Broncos getting OLB Shane Ray back Week 8 - Shane Ray | DEN'}"
366790,"{'date': u'2017-10-25T15:20:00-04:00', 'player': u'martavis-bryant', 'team': u'PIT', 'text': u""Martavis Bryant was demoted to the scout team offense at Wednesday's practice."", 'title': u'Martavis demoted to scout team on Wednesday - Martavis Bryant | PIT'}"
366773,"{'date': u'2017-10-25T13:01:00-04:00', 'player': u'devante-parker', 'team': u'MIA', 'text': u'DeVante Parker (ankle) is questionable for Week 8 against the Ravens.', 'title': u'DeVante Parker listed questionable vs. Ravens - DeVante Parker | MIA'}"
366798,"{'date': u'2017-10-25T16:06:00-04:00', 'player': u'case-keenum', 'team': u'MIN', 'text': u""Case Keenum (chest) was limited at Wednesday's practice."", 'title': u'Case Keenum (chest) limited on Wednesday - Case Keenum | MIN'}"
366676,"{'date': u'2017-10-23T13:27:00-04:00', 'player': u'martavis-bryant', 'team': u'PIT', 'text': u'The Pittsburgh Post-Gazette reports Martavis Bryant skipped mandatory team meetings on Monday.', 'title': u'Martavis Bryant skips Monday meetings - Martavis Bryant | PIT'}"
367316,"{'date': u'2017-10-31T19:49:00-04:00', 'player': u'jimmy-garoppolo', 'team': u'SF', 'text': u'The Sacramento Bee speculates Jimmy Garoppolo will not make his 49ers debut before Week 12.', 'title': u'Garoppolo unlikely to start before Week 12? - Jimmy Garoppolo | SF'}"
366408,"{'date': u'2017-10-22T08:59:00-04:00', 'player': u'jeremy-maclin', 'team': u'BAL', 'text': u'Jeremy Maclin (questionable, shoulder) is expected to play Week 7 against the Vikings.', 'title': u'Maclin, Wallace, Watson all expected to play - Jeremy Maclin | BAL'}"
367311,"{'date': u'2017-10-31T18:02:00-04:00', 'player': u'ezekiel-elliott', 'team': u'DAL', 'text': u""The Southern District of New York has denied Ezekiel Elliott's request for an emergency injunction."", 'title': u'One Ezekiel Elliott appeal denied, one to go - Ezekiel Elliott | DAL'}"
367158,"{'date': u'2017-10-29T19:47:00-04:00', 'player': u'paul-richardson', 'team': u'SEA', 'text': u""Paul Richardson hauled in 6-of-7 targets for 105 yards and two touchdowns in the Seahawks' Week 8 win over the Texans."", 'title': u'Paul Richardson hangs 6/105/2 line on Texans - Paul Richardson | SEA'}"
367159,"{'date': u'2017-10-29T19:49:00-04:00', 'player': u'tyler-lockett', 'team': u'SEA', 'text': u""Tyler Lockett hauled in 6-of-8 targets for 121 yards in the Seahawks' Week 8 win over the Texans."", 'title': u'Lockett goes for 121 yards in Week 8 win - Tyler Lockett | SEA'}"
366403,"{'date': u'2017-10-22T08:26:00-04:00', 'player': u'aaron-rodgers', 'team': u'GB', 'text': u""According to ESPN's Adam Schefter, doctors have told the Packers that Aaron Rodgers (collarbone, I.R.) can resume throwing in six weeks."", 'title': u'Aaron Rodgers can resume throwing in 6 weeks - Aaron Rodgers | GB'}"
366402,"{'date': u'2017-10-22T08:03:00-04:00', 'player': u'melvin-gordon', 'team': u'LAC', 'text': u'Melvin Gordon (questionable, shoulder) will play Week 7 against the Broncos.', 'title': u'Melvin Gordon to suit up versus Broncos - Melvin Gordon | LAC'}"
366401,"{'date': u'2017-10-22T08:01:00-04:00', 'player': u'delanie-walker', 'team': u'TEN', 'text': u'Delanie Walker (questionable, calf) will play Week 7 against the Browns.', 'title': u'Delanie Walker (calf) good to go vs. Browns - Delanie Walker | TEN'}"
366400,"{'date': u'2017-10-22T08:00:00-04:00', 'player': u'demarco-murray', 'team': u'TEN', 'text': u""ESPN's Adam Schefter reports DeMarco Murray (questionable, hamstring) will play Week 7 against the Browns."", 'title': u'DeMarco Murray (hamstring) all set for Sunday - DeMarco Murray | TEN'}"
367152,"{'date': u'2017-10-29T19:30:00-04:00', 'player': u'deshaun-watson', 'team': u'HOU', 'text': u""Deshaun Watson completed 19-of-30 passes for 402 yards, four touchdowns, and three interceptions while rushing eight times for 67 yards in the Texans' Week 8 loss to the Seahawks."", 'title': u'Deshaun Watson spectacular in tough loss - Deshaun Watson | HOU'}"
366406,"{'date': u'2017-10-22T08:33:00-04:00', 'player': u'jordan-matthews', 'team': u'BUF', 'text': u""NFL Network's Ian Rapoport confirms Jordan Matthews (questionable, thumb) is expected to play Week 7 against the Buccaneers."", 'title': u'J-Matt to play with special gloves vs. Bucs - Jordan Matthews | BUF'}"
366405,"{'date': u'2017-10-22T08:30:00-04:00', 'player': u'martavis-bryant', 'team': u'PIT', 'text': u""NFL Network's Ian Rapoport reports Martavis Bryant will have an &quot;increased role&quot; against the Bengals in Week 7."", 'title': u'Martavis Bryant to see increased role Sunday - Martavis Bryant | PIT'}"
367153,"{'date': u'2017-10-29T19:35:00-04:00', 'player': u'kirk-cousins', 'team': u'WAS', 'text': u""Kirk Cousins completed 26-of-39 passes for 263 yards, one touchdown and an interception in the Redskins' 33-19, Week 8 loss to the Cowboys."", 'title': u'Kirk Cousins has day to forget in rainstorm - Kirk Cousins | WAS'}"
366779,"{'date': u'2017-10-25T13:55:00-04:00', 'player': u'stefon-diggs', 'team': u'MIN', 'text': u""Stefon Diggs (groin) is traveling with the team to London and has a &quot;good chance&quot; to play Week 8 against the Browns, according to the Minneapolis Star-Tribune's Ben Goessling."", 'title': u'Stefon Diggs travels, has good chance to play - Stefon Diggs | MIN'}"
366671,"{'date': u'2017-10-23T12:30:00-04:00', 'player': u'joe-thomas', 'team': u'CLE', 'text': u'Browns announced LT Joe Thomas will miss the rest of the season with a torn left triceps.', 'title': u'Browns announce Joe Thomas out for season - Joe Thomas | CLE'}"
366481,"{'date': u'2017-10-22T16:09:00-04:00', 'player': u'cam-newton', 'team': u'CAR', 'text': u""Cam Newton completed 21-of-34 passes for 211 yards, two interceptions, and a lost fumble in the Panthers' 17-3 loss at the hands of the Bears Week 7."", 'title': u'Newton turns the ball over 3 times in loss - Cam Newton | CAR'}"
366674,"{'date': u'2017-10-23T13:19:00-04:00', 'player': u'jay-cutler', 'team': u'MIA', 'text': u'Dolphins coach Adam Gase confirms Jay Cutler is dealing with cracked ribs, and will be sidelined for Week 8.', 'title': u'Dolphins confirm cracked ribs for Jay Cutler - Jay Cutler | MIA'}"
366486,"{'date': u'2017-10-22T16:18:00-04:00', 'player': u'deshone-kizer', 'team': u'CLE', 'text': u""Kizer completed 12-of-20 passes for 116 yards with two interceptions and was benched for Cody Kessler in the 3rd Quarter of Cleveland's Week 8 game versus the Titans."", 'title': u'DeShone Kizer benched again Sunday by Browns - DeShone Kizer | CLE'}"
366485,"{'date': u'2017-10-22T16:15:00-04:00', 'player': u'lesean-mccoy', 'team': u'BUF', 'text': u""LeSean McCoy rushed 23 times for 91 yards and two touchdowns and caught 5-of-7 targets for 31 yards in the Bills' Week 7 win over the Bucs."", 'title': u'Shady carves Bucs for 122 total yards, 2 TDs - LeSean McCoy | BUF'}"
366677,"{'date': u'2017-10-23T13:47:00-04:00', 'player': u'martavis-bryant', 'team': u'PIT', 'text': u'Martavis Bryant says he missed mandatory team meetings on Monday because he was at the doctor.', 'title': u'Martavis says he missed meetings for doctor - Martavis Bryant | PIT'}"
366560,"{'date': u'2017-10-22T18:05:00-04:00', 'player': u'jarvis-landry', 'team': u'MIA', 'text': u'Jarvis Landry turned 11 targets into seven catches for 93 yards and a touchdown Sunday in the Dolphins\u2019 Week 7 win over the Jets.', 'title': u'Landry extends touchdown streak to three - Jarvis Landry | MIA'}"
366561,"{'date': u'2017-10-22T18:07:00-04:00', 'player': u'matt-moore', 'team': u'MIA', 'text': u'Matt Moore completed 13-of-21 passes for 188 yards with two touchdowns and one interception Sunday in the Dolphins\u2019 Week 7 win over the Jets.', 'title': u'Matt Moore leads comeback win over Jets - Matt Moore | MIA'}"
366489,"{'date': u'2017-10-22T16:20:00-04:00', 'player': u'tj-yeldon', 'team': u'JAC', 'text': u'T.J. Yeldon had nine carries for 122 yards and a touchdown in Week 7 against the Colts.', 'title': u'Yeldon runs for 122 yards, TD in Week 7 win - T.J. Yeldon | JAC'}"
366488,"{'date': u'2017-10-22T16:20:00-04:00', 'player': u'carson-palmer', 'team': u'ARZ', 'text': u'Carson Palmer suffered a broken left arm Week 7 against the Rams and needs surgery.', 'title': u'Carson Palmer has broken arm, needs surgery - Carson Palmer | ARZ'}"
366775,"{'date': u'2017-10-25T13:05:00-04:00', 'player': u'golden-tate', 'team': u'DET', 'text': u""According to MLive's Kyle Meinke, Golden Tate (shoulder) is &quot;expected to miss&quot; Week 8 against the Steelers."", 'title': u'Report: Golden Tate likely out Week 8 vs. PIT - Golden Tate | DET'}"
367307,"{'date': u'2017-10-31T16:40:00-04:00', 'player': u'aj-mccarron', 'team': u'CIN', 'text': u""ESPN's Adam Schefter reports the Browns attempted to trade for Bengals No. 2 QB A.J. McCarron before Tuesday's deadline."", 'title': u'Report: Browns made play for A.J. McCarron - A.J. McCarron | CIN'}"
366362,"{'date': u'2017-10-20T15:27:00-04:00', 'player': u'mike-pouncey', 'team': u'MIA', 'text': u'Dolphins C Mike Pouncey (concussion) returned to a full practice on Friday.', 'title': u""Dolphins' Pouncey (concussion) practices full - Mike Pouncey | MIA""}"
366361,"{'date': u'2017-10-20T15:24:00-04:00', 'player': u'rob-kelley', 'team': u'WAS', 'text': u'Redskins coach Jay Gruden said he expects Rob Kelley (ankle) to start against the Eagles on Monday Night Football.', 'title': u'Rob Kelley (ankle) expected to start on MNF - Rob Kelley | WAS'}"
366762,"{'date': u'2017-10-25T09:36:00-04:00', 'player': u'deshone-kizer', 'team': u'CLE', 'text': u'Coach Hue Jackson named rookie DeShone Kizer the Week 8 starter against the Vikings.', 'title': u'Browns going back to DeShone Kizer for Week 8 - DeShone Kizer | CLE'}"
366778,"{'date': u'2017-10-25T13:21:00-04:00', 'player': u'martavis-bryant', 'team': u'PIT', 'text': u'Ben Roethlisberger admitted the &quot;need to get the ball to&quot; Martavis Bryant.', 'title': u'Big Ben says he needs to get ball to Martavis - Martavis Bryant | PIT'}"
366672,"{'date': u'2017-10-23T12:41:00-04:00', 'player': u'dan-bailey', 'team': u'DAL', 'text': u""NFL Network's Ian Rapoport reports Cowboys K Dan Bailey (groin) is expected to miss &quot;several weeks.&quot;"", 'title': u""Dan Bailey expected to miss 'several weeks' - Dan Bailey | DAL""}"
366368,"{'date': u'2017-10-20T15:55:00-04:00', 'player': u'keenan-allen', 'team': u'LAC', 'text': u'Keenan Allen (questionable, shoulder) is &quot;very hopeful&quot; of playing against the Broncos in Week 7.', 'title': u""Keenan Allen injured in Thursday's practice - Keenan Allen | LAC""}"
366807,"{'date': u'2017-10-25T16:43:00-04:00', 'player': u'michael-thomas', 'team': u'NO', 'text': u""Michael Thomas (knee) didn't practice on Wednesday."", 'title': u'Michael Thomas (knee) absent on Wednesday - Michael Thomas | NO'}"
366806,"{'date': u'2017-10-25T16:38:00-04:00', 'player': u'cj-fiedorowicz', 'team': u'HOU', 'text': u'C.J. Fiedorowicz (I.R., concussion) returned to practice on Wednesday.', 'title': u'C.J. Fiedorowicz back at practice Wednesday - C.J. Fiedorowicz | HOU'}"
366803,"{'date': u'2017-10-25T16:12:00-04:00', 'player': u'ben-watson', 'team': u'BAL', 'text': u""ESPN's Jamison Hensley reports Ben Watson (questionable, knee) could miss Week 8 against Miami."", 'title': u'Ben Watson (knee) up in the air for Week 8 - Ben Watson | BAL'}"
367251,"{'date': u'2017-10-30T23:51:00-04:00', 'player': u'kareem-hunt', 'team': u'KC', 'text': u""Kareem Hunt rushed 22 times for 46 yards in the Chiefs' Week 8 win over the Broncos on Monday night."", 'title': u'Kareem Hunt held under 100 yards for 1st time - Kareem Hunt | KC'}"
367314,"{'date': u'2017-10-31T19:03:00-04:00', 'player': u'jeremy-lane', 'team': u'SEA', 'text': u""Seahawks CB Jeremy Lane has failed his physical, and is no longer part of the team's Duane Brown trade with the Texans."", 'title': u'Jeremy Lane fails physical, remains a Seahawk - Jeremy Lane | SEA'}"
366808,"{'date': u'2017-10-25T16:49:00-04:00', 'player': u'willie-snead', 'team': u'NO', 'text': u'Willie Snead (hamstring) is practicing in full for Week 8.', 'title': u'Willie Snead (hamstring) practicing in full - Willie Snead | NO'}"
366744,"{'date': u'2017-10-24T14:39:00-04:00', 'player': u'devante-parker', 'team': u'MIA', 'text': u""DeVante Parker (ankle) appeared to take part in Tuesday's practice."", 'title': u'DeVante Parker appears to practice Tuesday - DeVante Parker | MIA'}"
366576,"{'date': u'2017-10-22T19:06:00-04:00', 'player': u'ezekiel-elliott', 'team': u'DAL', 'text': u""Ezekiel Elliott rushed 26 times for 147 yards and two touchdowns in the Cowboys' Week 7 win over the 49ers, adding a 72-yard touchdown reception."", 'title': u'Elliott totals 219 yards, three TDs vs. 49ers - Ezekiel Elliott | DAL'}"
367331,"{'date': u'2017-11-01T12:25:00-04:00', 'player': u'ty-hilton', 'team': u'IND', 'text': u'Coach Chuck Pagano admitted the offense has to find ways to get T.Y. Hilton the ball more.', 'title': u""Pagano: We've got to get T.Y. Hilton the ball - T.Y. Hilton | IND""}"
367300,"{'date': u'2017-10-31T15:54:00-04:00', 'player': u'rashard-robinson', 'team': u'NYJ', 'text': u'Jets acquired CB Rashard Robinson from the 49ers.', 'title': u'Jets acquire CB Rashard Robinson from 49ers - Rashard Robinson | NYJ'}"
366573,"{'date': u'2017-10-22T18:53:00-04:00', 'player': u'jay-cutler', 'team': u'MIA', 'text': u""ESPN's Adam Schefter reports the Dolphins believe Jay Cutler suffered two cracked ribs against the Jets, and will be sidelined 2-3 weeks."", 'title': u'Report: Cutler out 2-3 weeks w/ cracked ribs - Jay Cutler | MIA'}"
366572,"{'date': u'2017-10-22T18:49:00-04:00', 'player': u'dak-prescott', 'team': u'DAL', 'text': u'Dak Prescott completed 16-of-25 passes for 234 yards and three touchdowns, adding four carries for 26 yards and an additional score.', 'title': u'Dak Prescott dismantles 49ers for four TDs - Dak Prescott | DAL'}"
366742,"{'date': u'2017-10-24T13:19:00-04:00', 'player': u'sterling-shepard', 'team': u'NYG', 'text': u""Sterling Shepard (ankle) expects to return following the Giants' Week 8 bye."", 'title': u'Sterling Shepard expects to return after bye - Sterling Shepard | NYG'}"
367308,"{'date': u'2017-10-31T17:27:00-04:00', 'player': u'aj-mccarron', 'team': u'CIN', 'text': u""ESPN's Adam Schefter reports the Browns believed they completed their acquisition of A.J. McCarron from the Bengals before Tuesday's deadline, but that the league would not allow it to go through."", 'title': u'Browns botched reporting of McCarron trade? - A.J. McCarron | CIN'}"
366748,"{'date': u'2017-10-24T15:24:00-04:00', 'player': u'josh-norman', 'team': u'WAS', 'text': u'The Redskins expect Josh Norman (ribs) to resume practicing this week.', 'title': u'Norman (ribs) expected to resume practicing - Josh Norman | WAS'}"
367306,"{'date': u'2017-10-31T16:35:00-04:00', 'player': u'ezekiel-elliott', 'team': u'DAL', 'text': u'Suspended Cowboys RB Ezekiel Elliott is seeking an emergency injunction in his legal case to stay his six-game ban.', 'title': u'Ezekiel Elliott seeking emergency injunction - Ezekiel Elliott | DAL'}"
367260,"{'date': u'2017-10-31T00:21:00-04:00', 'player': u'trevor-siemian', 'team': u'DEN', 'text': u""After the Week 8 loss to the Chiefs, coach Vance Joseph wouldn't commit to Trevor Siemian as the Broncos' Week 9 starter against the Eagles."", 'title': u""Joseph won't commit to Siemian as starting QB - Trevor Siemian | DEN""}"
367261,"{'date': u'2017-10-31T07:56:00-04:00', 'player': u'chris-hogan', 'team': u'NE', 'text': u""NFL Network's Ian Rapoport reports Chris Hogan (shoulder) does not need surgery and will miss just &quot;a few weeks.&quot;"", 'title': u'Hogan does not need surgery, out few weeks - Chris Hogan | NE'}"
367262,"{'date': u'2017-10-31T08:02:00-04:00', 'player': u'paxton-lynch', 'team': u'DEN', 'text': u""ESPN's Adam Schefter reports Paxton Lynch will be the option if the Broncos decide to change quarterbacks."", 'title': u'If DEN changes QBs, Lynch will get the nod - Paxton Lynch | DEN'}"
367263,"{'date': u'2017-10-31T09:08:00-04:00', 'player': u'earl-thomas', 'team': u'SEA', 'text': u""NFL Network's Ian Rapoport reports Earl Thomas (hamstring) is a &quot;long-shot to play&quot; Week 9 against the Redskins."", 'title': u""Earl Thomas a 'long-shot to play' Week 9 - Earl Thomas | SEA""}"
367264,"{'date': u'2017-10-31T09:22:00-04:00', 'player': u'jay-ajayi', 'team': u'PHI', 'text': u'Eagles acquired Jay Ajayi from the Dolphins in exchange for a fourth-round pick.', 'title': u'Eagles land Jay Ajayi for a fourth-round pick - Jay Ajayi | PHI'}"
366669,"{'date': u'2017-10-23T12:08:00-04:00', 'player': u'joe-thomas', 'team': u'CLE', 'text': u'An MRI confirmed Browns LT Joe Thomas has a torn triceps.', 'title': u'MRI confirms Joe Thomas has torn triceps - Joe Thomas | CLE'}"
366770,"{'date': u'2017-10-25T11:26:00-04:00', 'player': u'noah-spence', 'team': u'TB', 'text': u'Bucs placed DE Noah Spence on injured reserve with a shoulder injury, ending his season.', 'title': u'Bucs lose DE Noah Spence to labrum surgery - Noah Spence | TB'}"
366666,"{'date': u'2017-10-23T11:48:00-04:00', 'player': u'jamaal-charles', 'team': u'DEN', 'text': u'Jamaal Charles played 15-of-64 snaps (23%) Week 7 against the Chargers.', 'title': u'Jamaal Charles played 15 snaps Week 7 - Jamaal Charles | DEN'}"
366474,"{'date': u'2017-10-22T16:01:00-04:00', 'player': u'adam-thielen', 'team': u'MIN', 'text': u""Adam Thielen caught 5-of-12 targets for 41 yards in the Vikings' Week 7 win over the Ravens."", 'title': u'Thielen held to 41 scoreless yards on 12 tgts - Adam Thielen | MIN'}"
367224,"{'date': u'2017-10-30T16:16:00-04:00', 'player': u'danny-woodhead', 'team': u'BAL', 'text': u'Danny Woodhead (hamstring, I.R.) is eligible to return in Week 11.', 'title': u'Danny Woodhead eligible for Week 11 return - Danny Woodhead | BAL'}"
366472,"{'date': u'2017-10-22T16:01:00-04:00', 'player': u'aaron-jones', 'team': u'GB', 'text': u""Aaron Jones rushed 17 times for 131 yards and a touchdown in the Packers' Week 7 loss to the Saints."", 'title': u'Aaron Jones takes control of Pack backfield - Aaron Jones | GB'}"
366562,"{'date': u'2017-10-22T18:07:00-04:00', 'player': u'delanie-walker', 'team': u'TEN', 'text': u""Delanie Walker needed a crutch to get around in the locker room after suffering a right ankle sprain in Sunday's Week 7 win over the Browns."", 'title': u'Delanie Walker on crutches after ankle injury - Delanie Walker | TEN'}"
366471,"{'date': u'2017-10-22T16:00:00-04:00', 'player': u'brett-hundley', 'team': u'GB', 'text': u""Brett Hundley completed 12-of-25 passes for 87 yards, zero touchdowns and an interception in the Packers' 26-17, Week 7 loss to the Saints, adding three carries for 44 yards and a touchdown."", 'title': u'Hundley has abysmal day in first NFL start - Brett Hundley | GB'}"
366375,"{'date': u'2017-10-20T17:20:00-04:00', 'player': u'dede-westbrook', 'team': u'JAC', 'text': u'Jaguars coach Doug Marrone said Dede Westbrook (core muscle surgery, IR) is &quot;on track&quot; to return in Week 9.', 'title': u""Dede Westbrook 'on track' for Week 9 return - Dede Westbrook | JAC""}"
366374,"{'date': u'2017-10-20T16:47:00-04:00', 'player': u'aaron-rodgers', 'team': u'GB', 'text': u'Packers placed Aaron Rodgers (collarbone) on injured reserve.', 'title': u'Packers put Aaron Rodgers (collarbone) on IR - Aaron Rodgers | GB'}"
366377,"{'date': u'2017-10-20T18:10:00-04:00', 'player': u'aaron-rodgers', 'team': u'GB', 'text': u""ESPN's Rob Demovsky reports the Packers are &quot;holding out hope&quot; Aaron Rodgers (collarbone, IR) can return Week 15 against the Panthers."", 'title': u'Packers hoping Rodgers returns in Week 15 - Aaron Rodgers | GB'}"
366376,"{'date': u'2017-10-20T17:37:00-04:00', 'player': u'marshawn-lynch', 'team': u'OAK', 'text': u'The Las Vegas Review-Journal reports the NFL is &quot;considering all options&quot; for discipline with Marshawn Lynch.', 'title': u'Report: Marshawn Lynch could be suspended - Marshawn Lynch | OAK'}"
366371,"{'date': u'2017-10-20T16:26:00-04:00', 'player': u'rex-burkhead', 'team': u'NE', 'text': u""Rex Burkhead (ribs) wasn't listed on the Patriots' final injury report for Week 7 against the Falcons."", 'title': u'Rex Burkhead (ribs) to return in Week 7 - Rex Burkhead | NE'}"
366370,"{'date': u'2017-10-20T16:15:00-04:00', 'player': u'willie-snead', 'team': u'NO', 'text': u'Willie Snead (hamstring) is questionable for Week 7 against the Packers.', 'title': u'Snead (hamstring) officially questionable - Willie Snead | NO'}"
366372,"{'date': u'2017-10-20T16:29:00-04:00', 'player': u'chris-hogan', 'team': u'NE', 'text': u""Chris Hogan (ribs) wasn't listed on the Patriots' final injury report for Week 7 against the Falcons."", 'title': u'Chris Hogan removed from final injury report - Chris Hogan | NE'}"
367196,"{'date': u'2017-10-30T10:32:00-04:00', 'player': u'willie-snead', 'team': u'NO', 'text': u'Willie Snead played 4-of-61 snaps (7%) Week 8 against the Bears.', 'title': u'Willie Snead plays just four snaps Week 8 - Willie Snead | NO'}"
367328,"{'date': u'2017-11-01T12:16:00-04:00', 'player': u'brian-hoyer', 'team': u'NE', 'text': u'Patriots signed QB Brian Hoyer, formerly of the 49ers, to a three-year contract.', 'title': u'Brian Hoyer chooses 3-year deal with Patriots - Brian Hoyer | NE'}"
367197,"{'date': u'2017-10-30T11:16:00-04:00', 'player': u'devante-parker', 'team': u'MIA', 'text': u""The Miami Herald's Armando Salguero reports DeVante Parker (ankle) is expected to play Week 9 against the Raiders."", 'title': u'Report: DeVante Parker expected to play Wk 9 - DeVante Parker | MIA'}"
367217,"{'date': u'2017-10-30T15:35:00-04:00', 'player': u'dion-lewis', 'team': u'NE', 'text': u""The Ringer's Mike Lombardi reports the Patriots will not trade Dion Lewis."", 'title': u""Report: Patriots won't be trading Dion Lewis - Dion Lewis | NE""}"
366745,"{'date': u'2017-10-24T14:54:00-04:00', 'player': u'mike-nugent', 'team': u'DAL', 'text': u'Cowboys signed K Mike Nugent.', 'title': u'Cowboys sign Nugent to fill in for Dan Bailey - Mike Nugent | DAL'}"
367337,"{'date': u'2017-11-01T13:21:00-04:00', 'player': u'jordan-reed', 'team': u'WAS', 'text': u'Jordan Reed (hamstring) is not practicing Wednesday.', 'title': u'Jordan Reed predictably a DNP on Wednesday - Jordan Reed | WAS'}"
367294,"{'date': u'2017-10-31T14:35:00-04:00', 'player': u'martavis-bryant', 'team': u'PIT', 'text': u""NFL.com's Ian Rapoport reports Martavis Bryant will not be traded ahead of Tuesday's deadline."", 'title': u'Report: Martavis Bryant will not be traded - Martavis Bryant | PIT'}"
367213,"{'date': u'2017-10-30T14:49:00-04:00', 'player': u'jerrell-freeman', 'team': u'CHI', 'text': u""NFL suspended Bears ILB Jerrell Freeman 10 games for violating the league's policy on performance-enhancing substances."", 'title': u'Jerrell Freeman hammered with 10-game PED ban - Jerrell Freeman | CHI'}"
367305,"{'date': u'2017-10-31T16:16:00-04:00', 'player': u'kelvin-benjamin', 'team': u'BUF', 'text': u'Bills acquired WR Kelvin Benjamin from the Panthers.', 'title': u'Stunner: Kelvin Benjamin traded to Buffalo - Kelvin Benjamin | BUF'}"
366750,"{'date': u'2017-10-24T15:43:00-04:00', 'player': u'mike-wallace', 'team': u'BAL', 'text': u'Mike Wallace (concussion) practiced again on Tuesday.', 'title': u'Mike Wallace (concussion) practicing again - Mike Wallace | BAL'}"
367321,"{'date': u'2017-11-01T09:38:00-04:00', 'player': u'christian-mccaffrey', 'team': u'CAR', 'text': u'Panthers GM Marty Hurney said on Wednesday the Kelvin Benjamin trade was executed in an effort to &quot;clear out the box&quot; and allow the &quot;run game to flourish&quot; in Carolina.', 'title': u'Panthers GM: Benjamin trade to help run game - Christian McCaffrey | CAR'}"
367296,"{'date': u'2017-10-31T14:46:00-04:00', 'player': u'trevor-siemian', 'team': u'DEN', 'text': u'Speaking Tuesday, Broncos coach Vance Joseph remained noncommittal on Trevor Siemian as his Week 9 quarterback.', 'title': u'Broncos remain noncommittal on Week 9 QB - Trevor Siemian | DEN'}"
367174,"{'date': u'2017-10-29T20:12:00-04:00', 'player': u'jimmy-graham', 'team': u'SEA', 'text': u""Jimmy Graham hauled in 4-of-5 targets for 39 yards and two touchdowns in the Seahawks' Week 8 win over the Texans."", 'title': u'Jimmy Graham catches 2 TDs, game-winner - Jimmy Graham | SEA'}"
366469,"{'date': u'2017-10-22T15:55:00-04:00', 'player': u'latavius-murray', 'team': u'MIN', 'text': u""Latavius Murray rushed 18 times for 113 yards and a touchdown in the Vikings' Week 7 win over the Ravens."", 'title': u'Latavius Murray wakes up to key Vikings win - Latavius Murray | MIN'}"
367278,"{'date': u'2017-10-31T11:46:00-04:00', 'player': u'fletcher-cox', 'team': u'PHI', 'text': u'Eagles DL Fletcher Cox will not be suspended for his hit on 49ers LT Joe Staley.', 'title': u'Cox will not be suspended for hit on Staley - Fletcher Cox | PHI'}"
367277,"{'date': u'2017-10-31T11:44:00-04:00', 'player': u'kiko-alonso', 'team': u'MIA', 'text': u'Dolphins LB Kiko Alonso will not be suspended for his hit on Joe Flacco.', 'title': u'Alonso will not be suspended for Flacco hit - Kiko Alonso | MIA'}"
366464,"{'date': u'2017-10-22T15:25:00-04:00', 'player': u'cj-prosise', 'team': u'SEA', 'text': u'C.J. Prosise (ankle) is active for Week 7 against the Giants.', 'title': u'C.J. Prosise (ankle) active for Week 7 - C.J. Prosise | SEA'}"
367275,"{'date': u'2017-10-31T11:14:00-04:00', 'player': u'donte-moncrief', 'team': u'IND', 'text': u""NFL Network's Tom Pelissero reports the Colts have had trade talks about Donte Moncrief."", 'title': u'Colts have had trade talks about Moncrief - Donte Moncrief | IND'}"
366466,"{'date': u'2017-10-22T15:49:00-04:00', 'player': u'mitchell-trubisky', 'team': u'CHI', 'text': u""Mitchell Trubisky completed 4-of-7 passes for 107 yards, zero touchdowns, and zero interceptions in the Bears' Week 7 win over the Panthers."", 'title': u'Trubisky completes four passes in Week 7 win - Mitchell Trubisky | CHI'}"
366461,"{'date': u'2017-10-22T15:07:00-04:00', 'player': u'sterling-shepard', 'team': u'NYG', 'text': u'Giants declared WR Sterling Shepard, LB Jonathan Casillas, LB Calvin Munson, RB Paul Perkins, C Weston Richburg, DE Olivier Vernon and QB Davis Webb inactive for Week 7 against the Seahawks.', 'title': u'Sterling Shepard (ankle) a surprise inactive - Sterling Shepard | NYG'}"
367271,"{'date': u'2017-10-31T10:45:00-04:00', 'player': u'vontae-davis', 'team': u'IND', 'text': u""ESPN's Adam Schefter expects Colts CB Vontae Davis to be traded before today's deadline."", 'title': u'Schefter expects Vontae Davis to be traded - Vontae Davis | IND'}"
366340,"{'date': u'2017-10-20T14:17:00-04:00', 'player': u'stefon-diggs', 'team': u'MIN', 'text': u'Stefon Diggs (groin) is out for Week 7 against the Ravens.', 'title': u'Stefon Diggs (groin) ruled out versus Ravens - Stefon Diggs | MIN'}"
366726,"{'date': u'2017-10-24T08:50:00-04:00', 'player': u'jordan-hicks', 'team': u'PHI', 'text': u""Eagles MLB Jordan Hicks suffered a torn Achilles' Monday night against Washington."", 'title': u""Jordan Hicks tore his Achilles', out for year - Jordan Hicks | PHI""}"
366343,"{'date': u'2017-10-20T14:24:00-04:00', 'player': u'demarco-murray', 'team': u'TEN', 'text': u'DeMarco Murray (hamstring) expects to be a game-time decision for Week 7 against the Browns.', 'title': u'DeMarco Murray headed for game-time call - DeMarco Murray | TEN'}"
366344,"{'date': u'2017-10-20T14:25:00-04:00', 'player': u'adam-jones', 'team': u'CIN', 'text': u'Bengals RCB Adam Jones (back) is listed as doubtful for Week 7.', 'title': u'Bengals to be without top CB Jones vs. PIT - Adam Jones | CIN'}"
367247,"{'date': u'2017-10-30T22:19:00-04:00', 'player': u'jimmy-garoppolo', 'team': u'SF', 'text': u""According to ESPN's Adam Schefter, Jimmy Garoppolo isn't expected to make his 49ers debut Week 9 against the Cardinals."", 'title': u'Jimmy Garoppolo not expected to debut Week 9 - Jimmy Garoppolo | SF'}"
366348,"{'date': u'2017-10-20T14:41:00-04:00', 'player': u'cj-prosise', 'team': u'SEA', 'text': u'C.J. Prosise (ankle) is questionable for Week 7 against the Giants.', 'title': u'C.J. Prosise (ankle) draws questionable tag - C.J. Prosise | SEA'}"
366349,"{'date': u'2017-10-20T14:43:00-04:00', 'player': u'mike-wallace', 'team': u'BAL', 'text': u'Mike Wallace (back) is questionable for Week 7 against the Vikings.', 'title': u'Ravens list Wallace (back) as questionable - Mike Wallace | BAL'}"
366580,"{'date': u'2017-10-22T19:21:00-04:00', 'player': u'trevor-siemian', 'team': u'DEN', 'text': u""Trevor Siemian completed 23-of-33 passes for 195 yards, zero touchdowns, an interception, and a lost fumble in the Broncos' 21-0 loss at the hands of the Chargers Week 7."", 'title': u'Trevor Siemian, Broncos shut out by Chargers - Trevor Siemian | DEN'}"
366559,"{'date': u'2017-10-22T18:04:00-04:00', 'player': u'derrick-henry', 'team': u'TEN', 'text': u""Derrick Henry carried 13 times for 13 yards with two catches for 11 yards in Sunday's Week 7 win over the Browns."", 'title': u'Derrick Henry still second in line for Titans - Derrick Henry | TEN'}"
367156,"{'date': u'2017-10-29T19:45:00-04:00', 'player': u'deandre-hopkins', 'team': u'HOU', 'text': u""DeAndre Hopkins hauled in 8-of-11 targets for 224 yards and a touchdown in the Texans' Week 8 loss to the Seahawks."", 'title': u'DeAndre Hopkins goes for 8/224/1 in Seattle - DeAndre Hopkins | HOU'}"
366767,"{'date': u'2017-10-25T10:57:00-04:00', 'player': u'martavis-bryant', 'team': u'PIT', 'text': u""Martavis Bryant returned to the Steelers' team facility on Wednesday."", 'title': u'Martavis Bryant back with team on Wednesday - Martavis Bryant | PIT'}"
367324,"{'date': u'2017-11-01T09:57:00-04:00', 'player': u'brian-hoyer', 'team': u'FA', 'text': u'Free agent QB Brian Hoyer is visiting the Patriots on Wednesday.', 'title': u'Recently-released QB Hoyer visiting Patriots - Brian Hoyer | FA'}"
366518,"{'date': u'2017-10-22T16:52:00-04:00', 'player': u'adrian-peterson', 'team': u'ARZ', 'text': u""Adrian Peterson rushed 11 times for just 21 yards in the Cardinals' Week 7 loss to the Rams."", 'title': u'Peterson back to Earth with 21 yards vs. Rams - Adrian Peterson | ARZ'}"
367281,"{'date': u'2017-10-31T12:13:00-04:00', 'player': u'josh-doctson', 'team': u'WAS', 'text': u""CBS Sports' Jason La Canfora reports the Redskins are &quot;trying to land a wide receiver before the deadline.&quot;"", 'title': u""La Canfora: Washington 'trying to land' a WR - Josh Doctson | WAS""}"
366458,"{'date': u'2017-10-22T15:02:00-04:00', 'player': u'keenan-allen', 'team': u'LAC', 'text': u'Keenan Allen (shoulder) is active for Week 7 against the Broncos.', 'title': u'Keenan Allen officially active Week 7 - Keenan Allen | LAC'}"
366459,"{'date': u'2017-10-22T15:02:00-04:00', 'player': u'jay-cutler', 'team': u'MIA', 'text': u""Jay Cutler left Sunday's Week 7 game against the Jets with a chest injury and is questionable to return."", 'title': u'Jay Cutler exits Week 7 with chest injury - Jay Cutler | MIA'}"
367209,"{'date': u'2017-10-30T14:04:00-04:00', 'player': u'steven-nelson', 'team': u'KC', 'text': u'Chiefs activated CB Steven Nelson (knee) from injured reserve.', 'title': u'Chiefs officially activate CB Steven Nelson - Steven Nelson | KC'}"
366450,"{'date': u'2017-10-22T14:21:00-04:00', 'player': u'carson-palmer', 'team': u'ARZ', 'text': u'Carson Palmer exited Week 7 against the Rams with a left hand or wrist injury.', 'title': u'Carson Palmer leaves with hand/wrist injury - Carson Palmer | ARZ'}"
367237,"{'date': u'2017-10-30T19:02:00-04:00', 'player': u'frank-gore', 'team': u'IND', 'text': u""The Indianapolis Star's Stephen Holder reports &quot;at least two teams&quot; have expressed interest in trading for Frank Gore."", 'title': u""Report: 'Two teams' interested in Gore trade - Frank Gore | IND""}"
367214,"{'date': u'2017-10-30T15:05:00-04:00', 'player': u'jordan-reed', 'team': u'WAS', 'text': u'Redskins coach Jay Gruden expects Jordan Reed (hamstring) to miss Week 9.', 'title': u'Redskins expect Jordan Reed to miss Week 9 - Jordan Reed | WAS'}"
367201,"{'date': u'2017-10-30T11:59:00-04:00', 'player': u'willie-snead', 'team': u'NO', 'text': u'Saints coach Sean Payton said Willie Snead will have a role down the stretch.', 'title': u'Payton: Snead will have role down the stretch - Willie Snead | NO'}"
367207,"{'date': u'2017-10-30T13:41:00-04:00', 'player': u'zach-miller', 'team': u'CHI', 'text': u'Zach Miller (knee) is out of surgery, but remains hospitalized in New Orleans.', 'title': u'Zach Miller out of surgery, still in hospital - Zach Miller | CHI'}"
366728,"{'date': u'2017-10-24T09:07:00-04:00', 'player': u'jason-peters', 'team': u'PHI', 'text': u'Eagles LT Jason Peters is believed to have suffered an MCL tear in his right knee Monday night against Washington.', 'title': u'Jason Peters suffered MCL tear, MRI Tuesday - Jason Peters | PHI'}"
366457,"{'date': u'2017-10-22T15:01:00-04:00', 'player': u'melvin-gordon', 'team': u'LAC', 'text': u'Melvin Gordon (shoulder) is active for Week 7 against the Broncos.', 'title': u'Melvin Gordon (shoulder) officially active - Melvin Gordon | LAC'}"
366358,"{'date': u'2017-10-20T15:09:00-04:00', 'player': u'bilal-powell', 'team': u'NYJ', 'text': u""Bilal Powell (calf) wasn't listed on the Jets' final injury report for Week 7 against the Dolphins."", 'title': u'Bilal Powell removed from injury report - Bilal Powell | NYJ'}"
366357,"{'date': u'2017-10-20T15:08:00-04:00', 'player': u'devante-parker', 'team': u'MIA', 'text': u'DeVante Parker (ankle) is doubtful for Week 7 against the Jets.', 'title': u'DeVante Parker doubtful to face Jets - DeVante Parker | MIA'}"
366356,"{'date': u'2017-10-20T15:05:00-04:00', 'player': u'melvin-gordon', 'team': u'LAC', 'text': u'Melvin Gordon (shoulder) is listed as questionable for Week 7 against the Broncos.', 'title': u'Melvin Gordon listed as questionable - Melvin Gordon | LAC'}"
366355,"{'date': u'2017-10-20T15:05:00-04:00', 'player': u'keenan-allen', 'team': u'LAC', 'text': u'Keenan Allen (shoulder) is questionable for Week 7 against the Broncos.', 'title': u'Allen misses practice, listed as questionable - Keenan Allen | LAC'}"
367234,"{'date': u'2017-10-30T17:59:00-04:00', 'player': u'jameis-winston', 'team': u'TB', 'text': u""On Monday, Bucs coach Dirk Koetter was noncommittal about Jameis Winston's (shoulder) availability for Week 9 against the Saints."", 'title': u'Jameis Winston in danger of missing Week 9? - Jameis Winston | TB'}"
366595,"{'date': u'2017-10-22T19:55:00-04:00', 'player': u'joe-thomas', 'team': u'CLE', 'text': u'Browns LT Joe Thomas is believed to have suffered a torn triceps.', 'title': u'Joe Thomas believed to have torn triceps - Joe Thomas | CLE'}"
366352,"{'date': u'2017-10-20T14:56:00-04:00', 'player': u'terrance-west', 'team': u'BAL', 'text': u'Terrance West (calf) has been ruled out for Week 7.', 'title': u'Terrance West (calf) ruled out for Week 7 - Terrance West | BAL'}"
366350,"{'date': u'2017-10-20T14:44:00-04:00', 'player': u'jeremy-maclin', 'team': u'BAL', 'text': u'Jeremy Maclin (shoulder) is questionable for Week 7 against the Vikings.', 'title': u'Maclin (shoulder) questionable for Sunday - Jeremy Maclin | BAL'}"
366693,"{'date': u'2017-10-23T16:31:00-04:00', 'player': u'larry-warford', 'team': u'NO', 'text': u'Saints RG Larry Warford will miss &quot;several games&quot; with an abdominal injury.', 'title': u""Saints lose RG Warford for 'several games' - Larry Warford | NO""}"
366690,"{'date': u'2017-10-23T15:59:00-04:00', 'player': u'trevor-siemian', 'team': u'DEN', 'text': u'Coach Vance Joseph confirmed Monday the Broncos are staying with Trevor Siemian at quarterback.', 'title': u'Broncos sticking with Siemian at quarterback - Trevor Siemian | DEN'}"
366682,"{'date': u'2017-10-23T14:32:00-04:00', 'player': u'bashaud-breeland', 'team': u'WAS', 'text': u""NFL Network's Mike Garofolo reports Redskins CB Bashaud Breeland (knee) is &quot;pushing to play&quot; Monday against the Eagles, and will likely be active."", 'title': u'Report: Bashaud Breeland expected to play - Bashaud Breeland | WAS'}"
367248,"{'date': u'2017-10-30T22:24:00-04:00', 'player': u'ezekiel-elliott', 'team': u'DAL', 'text': u""United States District Judge Katherine Failla has dissolved Ezekiel Elliott's temporary restraining order and denied his motion, putting Elliott's six-game suspension back in effect."", 'title': u'Judge dissolves Zeke TRO; 6-game ban back on - Ezekiel Elliott | DAL'}"
366694,"{'date': u'2017-10-23T16:35:00-04:00', 'player': u'matt-slauson', 'team': u'LAC', 'text': u'Chargers LG Matt Slauson is done for the year with a torn biceps.', 'title': u'Chargers lose LG Slauson (biceps) for season - Matt Slauson | LAC'}"
367163,"{'date': u'2017-10-29T19:53:00-04:00', 'player': u'will-fuller', 'team': u'HOU', 'text': u""Will Fuller hauled in 5-of-8 targets for 125 yards and two touchdowns in the Texans' Week 8 loss to the Seahawks."", 'title': u'Fuller catches two more touchdowns Week 8 - Will Fuller | HOU'}"
366699,"{'date': u'2017-10-23T17:00:00-04:00', 'player': u'carson-palmer', 'team': u'ARZ', 'text': u'Carson Palmer is hopeful he can return from his broken left arm in 4-6 weeks.', 'title': u'Carson Palmer hopeful for return in 4-6 weeks - Carson Palmer | ARZ'}"
366783,"{'date': u'2017-10-25T14:39:00-04:00', 'player': u'golden-tate', 'team': u'DET', 'text': u'Golden Tate (shoulder) is practicing Wednesday.', 'title': u'Surprise! Golden Tate practicing on Wednesday - Golden Tate | DET'}"
366447,"{'date': u'2017-10-22T13:42:00-04:00', 'player': u'mike-wallace', 'team': u'BAL', 'text': u'Mike Wallace (concussion) has been ruled out for the rest of Week 7.', 'title': u'Mike Wallace (concussion) ruled out for game - Mike Wallace | BAL'}"
366446,"{'date': u'2017-10-22T13:20:00-04:00', 'player': u'cam-robinson', 'team': u'JAC', 'text': u'Jaguars LT Cam Robinson was carted off with an ankle injury in Week 7 against the Colts.', 'title': u'Cam Robinson carted off with ankle injury - Cam Robinson | JAC'}"
366445,"{'date': u'2017-10-22T13:14:00-04:00', 'player': u'mike-wallace', 'team': u'BAL', 'text': u""Mike Wallace left Sunday's Week 7 game to be evaluated for a concussion."", 'title': u'Ravens WR Wallace evaluated for concussion - Mike Wallace | BAL'}"
366443,"{'date': u'2017-10-22T12:26:00-04:00', 'player': u'andrew-luck', 'team': u'IND', 'text': u""According to NFL Network's Ian Rapoport, Andrew Luck (shoulder) will return if he's healthy this season, regardless of the Colts' record."", 'title': u'Report: Colts not ready to shut down Luck - Andrew Luck | IND'}"
366632,"{'date': u'2017-10-22T22:50:00-04:00', 'player': u'malik-hooker', 'team': u'IND', 'text': u""NFL Network's Ian Rapoport reports Colts first-round FS Malik Hooker is done for the season with a torn ACL and MCL suffered Week 7 against the Jaguars."", 'title': u'Colts lose first-round FS Hooker to torn ACL - Malik Hooker | IND'}"
366440,"{'date': u'2017-10-22T11:52:00-04:00', 'player': u'brandon-williams', 'team': u'BAL', 'text': u'Ravens DT Brandon Williams is active for Week 7 against the Vikings.', 'title': u'Run-plugger DT Brandon Williams back for BAL - Brandon Williams | BAL'}"
366830,"{'date': u'2017-10-25T21:57:00-04:00', 'player': u'telvin-smith', 'team': u'JAC', 'text': u'Jaguars signed WLB Telvin Smith to a four-year, $50 million extension through 2021.', 'title': u'Jaguars sign Telvin Smith to $50M extension - Telvin Smith | JAC'}"
366815,"{'date': u'2017-10-25T17:39:00-04:00', 'player': u'emmanuel-sanders', 'team': u'DEN', 'text': u""Emmanuel Sanders (ankle) didn't practice Wednesday."", 'title': u'Emmanuel Sanders not cleared to practice - Emmanuel Sanders | DEN'}"
367219,"{'date': u'2017-10-30T15:40:00-04:00', 'player': u'corey-davis', 'team': u'TEN', 'text': u'Corey Davis (hamstring) was limited in Titans practice on Monday.', 'title': u""Corey Davis (hamstring) 'limited' on Monday - Corey Davis | TEN""}"
366737,"{'date': u'2017-10-24T11:43:00-04:00', 'player': u'jason-peters', 'team': u'PHI', 'text': u'Eagles LT Jason Peters tore his ACL and MCL Monday night against Washington.', 'title': u'Jason Peters tore ACL & MCL, season over - Jason Peters | PHI'}"
367199,"{'date': u'2017-10-30T11:47:00-04:00', 'player': u'sterling-shepard', 'team': u'NYG', 'text': u""Sterling Shepard (ankle) is participating in Monday's practice."", 'title': u'Sterling Shepard (ankle) practicing on Monday - Sterling Shepard | NYG'}"
366731,"{'date': u'2017-10-24T09:23:00-04:00', 'player': u'martavis-bryant', 'team': u'PIT', 'text': u""Martavis Bryant told ESPN's Josina Anderson he &quot;want[s] out, period&quot; if the Steelers &quot;don\u2019t try to include me more.&quot;"", 'title': u""Bryant: If things don't improve, 'I want out' - Martavis Bryant | PIT""}"
366733,"{'date': u'2017-10-24T10:23:00-04:00', 'player': u'byron-maxwell', 'team': u'FA', 'text': u'Dolphins released CB Byron Maxwell.', 'title': u'Dolphins cut ties with CB Byron Maxwell - Byron Maxwell | FA'}"
366732,"{'date': u'2017-10-24T09:59:00-04:00', 'player': u'greg-olsen', 'team': u'CAR', 'text': u'Greg Olsen (foot, injured reserve) said he could return to practice next week.', 'title': u'Greg Olsen could return to practice next week - Greg Olsen | CAR'}"
367211,"{'date': u'2017-10-30T14:33:00-04:00', 'player': u'charles-clay', 'team': u'BUF', 'text': u""Charles Clay (knee) was held out of Monday's practice."", 'title': u'Charles Clay (knee) not practicing Monday - Charles Clay | BUF'}"
367210,"{'date': u'2017-10-30T14:10:00-04:00', 'player': u'devonta-freeman', 'team': u'ATL', 'text': u""Devonta Freeman will be limited in this week's practices with a minor shoulder injury."", 'title': u'Devonta Freeman has minor shoulder injury - Devonta Freeman | ATL'}"
367190,"{'date': u'2017-10-30T08:49:00-04:00', 'player': u'fletcher-cox', 'team': u'PHI', 'text': u""ESPN's Adam Schefter reports the league is reviewing the play on which Eagles DL Fletcher Cox broke 49ers LT Joe Staley's orbital bone for a possible suspension."", 'title': u'Fletcher Cox could be facing suspension - Fletcher Cox | PHI'}"
367191,"{'date': u'2017-10-30T09:02:00-04:00', 'player': u'zach-miller', 'team': u'CHI', 'text': u""ESPN's Chris Mortensen reports Zach Miller underwent &quot;urgent vascular surgery&quot; on Sunday night to repair artery damage in his dislocated knee."", 'title': u""Report: Surgeons trying to save Miller's leg - Zach Miller | CHI""}"
366739,"{'date': u'2017-10-24T12:07:00-04:00', 'player': u'juju-smith-schuster', 'team': u'PIT', 'text': u'Steelers coach Mike Tomlin said JuJu Smith-Schuster is in the concussion protocol.', 'title': u'JuJu Smith-Schuster in concussion protocol - JuJu Smith-Schuster | PIT'}"
366738,"{'date': u'2017-10-24T12:01:00-04:00', 'player': u'marshawn-lynch', 'team': u'OAK', 'text': u""Marshawn Lynch's one-game suspension has been upheld."", 'title': u""Lynch's suspension upheld, will sit Week 8 - Marshawn Lynch | OAK""}"
367194,"{'date': u'2017-10-30T10:18:00-04:00', 'player': u'martavis-bryant', 'team': u'PIT', 'text': u""Steelers coach Mike Tomlin was noncommittal on Martavis Bryant's role moving forward."", 'title': u""Tomlin noncommittal on Martavis Bryant's role - Martavis Bryant | PIT""}"
367195,"{'date': u'2017-10-30T10:28:00-04:00', 'player': u'donta-foreman', 'team': u'HOU', 'text': u""Texans coach Bill O'Brien said D'Onta Foreman's demotion was not because he skipped practice Friday."", 'title': u""Foreman's demotion not about skipped practice - D'Onta Foreman | HOU""}"
366328,"{'date': u'2017-10-20T13:27:00-04:00', 'player': u'sam-bradford', 'team': u'MIN', 'text': u'Sam Bradford (knee) is out for Week 7 against the Ravens.', 'title': u'Sam Bradford (knee) officially out for Week 7 - Sam Bradford | MIN'}"
367291,"{'date': u'2017-10-31T14:22:00-04:00', 'player': u'danny-woodhead', 'team': u'BAL', 'text': u'Danny Woodhead (hamstring, injured reserve) has resumed practicing.', 'title': u'Danny Woodhead (hamstring) resumes practicing - Danny Woodhead | BAL'}"
366322,"{'date': u'2017-10-20T13:00:00-04:00', 'player': u'luke-kuechly', 'team': u'CAR', 'text': u'Panthers MLB Luke Kuechly (concussion) is out for Week 7 against the Bears.', 'title': u'Panthers MLB Kuechly (concussion) out Week 7 - Luke Kuechly | CAR'}"
366320,"{'date': u'2017-10-20T12:30:00-04:00', 'player': u'marqise-lee', 'team': u'JAC', 'text': u'Marqise Lee (knee) returned to practice Friday and is questionable for Week 7 against the Colts.', 'title': u'Marqise Lee questionable for Week 7 at Colts - Marqise Lee | JAC'}"
366321,"{'date': u'2017-10-20T12:54:00-04:00', 'player': u'kelvin-benjamin', 'team': u'CAR', 'text': u'Kelvin Benjamin (knee) is questionable for Week 7 against the Bears.', 'title': u'Kelvin Benjamin questionable Week 7 at Bears - Kelvin Benjamin | CAR'}"
366327,"{'date': u'2017-10-20T13:25:00-04:00', 'player': u'ty-hilton', 'team': u'IND', 'text': u'Colts coach Chuck Pagano said the team needs to &quot;scheme better&quot; to get T.Y. Hilton more involved.', 'title': u'Chuck Pagano: T.Y. Hilton needs more targets - T.Y. Hilton | IND'}"
366324,"{'date': u'2017-10-20T13:05:00-04:00', 'player': u'demarco-murray', 'team': u'TEN', 'text': u'DeMarco Murray (hamstring) is questionable for Week 7 against the Browns.', 'title': u'DeMarco Murray returns to limited practice - DeMarco Murray | TEN'}"
366325,"{'date': u'2017-10-20T13:09:00-04:00', 'player': u'delanie-walker', 'team': u'TEN', 'text': u'Delanie Walker (calf) is questionable for Week 7 against the Browns.', 'title': u'Delanie Walker questionable after setback - Delanie Walker | TEN'}"
367282,"{'date': u'2017-10-31T12:27:00-04:00', 'player': u'david-johnson', 'team': u'ARZ', 'text': u'Cardinals GM Steve Keim was noncommittal on David Johnson (wrist) returning from injured reserve.', 'title': u'GM noncommittal on David Johnson returning - David Johnson | ARZ'}"
366680,"{'date': u'2017-10-23T14:09:00-04:00', 'player': u'martavis-bryant', 'team': u'PIT', 'text': u'The Pittsburgh Post-Gazette reports the Steelers have &quot;no plans&quot; to trade or suspend Martavis Bryant.', 'title': u""Report: Steelers won't deal or suspend Bryant - Martavis Bryant | PIT""}"
366683,"{'date': u'2017-10-23T14:34:00-04:00', 'player': u'devante-parker', 'team': u'MIA', 'text': u'The Miami Herald reports DeVante Parker will test his injured ankle on Tuesday ahead of Thursday Night Football.', 'title': u'DeVante Parker to test injured ankle Tuesday - DeVante Parker | MIA'}"
366655,"{'date': u'2017-10-23T09:45:00-04:00', 'player': u'steve-sarkisian', 'team': u'ATL', 'text': u""Falcons coach Dan Quinn said he is not &quot;going to change anything on a grand scheme&quot; following Sunday's loss to the Patriots."", 'title': u""Quinn: No 'grand' changes coming for Falcons - Steve Sarkisian | ATL""}"
366685,"{'date': u'2017-10-23T14:59:00-04:00', 'player': u'joe-thomas', 'team': u'CLE', 'text': u'Browns LT Joe Thomas (torn triceps, injured reserve) will undergo surgery on Tuesday, and be sidelined 6-9 months.', 'title': u'Joe Thomas: I need time to think about 2018 - Joe Thomas | CLE'}"
366684,"{'date': u'2017-10-23T14:43:00-04:00', 'player': u'cody-kessler', 'team': u'CLE', 'text': u'Browns coach Hue Jackson is holding off on naming his Week 8 starter at quarterback.', 'title': u'Hue Jackson not ready to name Week 8 starter - Cody Kessler | CLE'}"
366687,"{'date': u'2017-10-23T15:04:00-04:00', 'player': u'demarco-murray', 'team': u'TEN', 'text': u""DeMarco Murray suffered a bruised shoulder in Sunday's win over the Browns."", 'title': u'DeMarco Murray dealing with bruised shoulder - DeMarco Murray | TEN'}"
366686,"{'date': u'2017-10-23T15:03:00-04:00', 'player': u'delanie-walker', 'team': u'TEN', 'text': u'Delanie Walker (ankle) has been diagnosed with a bone bruise.', 'title': u'Delanie Walker escapes with bone bruise - Delanie Walker | TEN'}"
366688,"{'date': u'2017-10-23T15:10:00-04:00', 'player': u'corey-davis', 'team': u'TEN', 'text': u'Titans WR Corey Davis (hamstring) is expected to resume practicing next Monday.', 'title': u'Corey Davis expected to practice in Week 9 - Corey Davis | TEN'}"
367288,"{'date': u'2017-10-31T14:03:00-04:00', 'player': u'josh-gordon', 'team': u'CLE', 'text': u'Josh Gordon will meet with NFL officials to discuss his reinstatement on Tuesday.', 'title': u'Josh Gordon meeting to discuss reinstatement - Josh Gordon | CLE'}"
367289,"{'date': u'2017-10-31T14:10:00-04:00', 'player': u'josh-sitton', 'team': u'CHI', 'text': u""NFL.com's Ian Rapoport reports &quot;teams are calling&quot; the Bears about LG Josh Sitton ahead of Tuesday afternoon's trade deadline."", 'title': u'Report: Teams calling Bears on Josh Sitton - Josh Sitton | CHI'}"
367249,"{'date': u'2017-10-30T23:37:00-04:00', 'player': u'travis-kelce', 'team': u'KC', 'text': u""Travis Kelce caught 7-of-10 targets for 133 yards and one touchdown in the Chiefs' 29-19, Week 8 win over the Broncos on Monday night."", 'title': u'Travis Kelce again shreds Broncos for 7-133-1 - Travis Kelce | KC'}"
367276,"{'date': u'2017-10-31T11:19:00-04:00', 'player': u'matt-barkley', 'team': u'FA', 'text': u'Colts worked out free agent QBs Matt Barkley, Matt McGloin, Josh Johnson, and Connor Shaw on Monday.', 'title': u'Colts working out quarterbacks Monday - Matt Barkley | FA'}"
367168,"{'date': u'2017-10-29T20:06:00-04:00', 'player': u'donta-foreman', 'team': u'HOU', 'text': u""D'Onta Foreman did not touch the ball in the Texans' Week 8 loss to the Seahawks."", 'title': u""D'Onta Foreman does not touch the ball Week 8 - D'Onta Foreman | HOU""}"
